ticker,text,created_at,sentiment_tag
MMM,$MMM Alert set for round 2,2026-08-22T19:58:02Z,Neutre
MMM,"$MMM
Price: $178.96 (+0.49%)
Trend: Bullish
Market Bias (7D): Bullish Bias 📈
Expected Range: ±0.28%
RSI: 54.5 | Momentum: Moderate
Volume: -34.0% vs avg
Volatility: 1.38%
Support: $173.52 | Resistance: $184.90

Data and analytics sourced from Thescanner educational research https://www.thescanner.ai",2026-08-21T23:07:02Z,Neutre
MMM,"$MAR $MMM $MNST $BCS $MRSH Marriott benefits from global travel and hotel demand, 3M benefits from industrial and consumer-product activity, Monster Beverage benefits from beverage consumption, Barclays benefits from banking and capital-markets activity, and Marsh McLennan benefits from insurance brokerage and risk-management demand. I&#39;m watching hotel occupancy, industrial volumes, beverage sales, trading activity, and insurance pricing.",2026-08-20T07:31:58Z,Neutre
MMM,$MMM UGLY,2026-08-19T18:54:41Z,Neutre
MMM,$MMM lost the level. Closed +23%,2026-08-19T15:57:25Z,Neutre
MMM,$MMM watching 182.65. Big block trade from a few days ago.,2026-08-19T13:51:17Z,Neutre
MMM,$MMM | 3M Enters $4.25BLN Revolving Credit Facility,2026-08-19T12:06:18Z,Neutre
MMM,$MMM,2026-08-18T18:11:12Z,Bullish
MMM,$MMM adding some September exposure on this pullback.,2026-08-18T18:02:44Z,Bullish
MMM,$MMM let her eat,2026-08-18T13:48:04Z,Bullish
MMM,"$MMM Wondering if this is already priced in, &quot;3M knew for more than 50 years that its products could harm humans, Australian government alleges in court documents&quot; https://www.theguardian.com/environment/2026/aug/18/3m-knew-for-more-than-50-years-that-its-products-could-harm-humans-australian-government-alleges-in-court-documents",2026-08-17T20:16:04Z,Neutre
MMM,$MMM wants to eat,2026-08-17T14:05:52Z,Bullish
MMM,"$MMM — sold today, Momentum Alignment flipped to sell. Small loss, nothing dramatic. 
 
Honestly not sure if I pulled the trigger too early here — trend signal said get out, but I keep wondering if I&#39;m exiting too quickly once momentum turns. Too early, or the right call? Curious what others think.",2026-08-13T18:22:54Z,Bearish
MMM,"Wall St is expecting 2.39 EPS for $MMM Q3 [Reporting 10/27 BMO]
http://www.estimize.com/intro/mmm?chart=historical&amp;metric_name=eps&amp;utm_cont",2026-08-12T13:51:21Z,Neutre
MMM,"How Every Dow Jones Stock Has Performed in 2026 📊 
（Part 3） 
More of the Dow’s winners so far this year: 
$NVDA +20.1% 🟢 
$AMZN +18.9% 🟢 
$GS +18.3% 🟢 
$AAPL +15.3% 🟢 
$MMM +14.2% 🟢 
 
What stands out to me is the breadth here.  
Tech, financials and industrials are all contributing, which is usually more interesting than a rally carried by just one corner of the market. 
 
I’m watching the next group for signs of where the strongest momentum is moving. 
 
The next market update is coming.  
Turn on notifications if you want to follow the moves in real time.",2026-08-09T15:32:05Z,Neutre
MMM,"5 Trade Ideas for Monday: Alcoa, Adobe, Corning, LPL and 3M https://dragonflycap.com/5-trade-ideas-for-monday-alcoa-adobe-corning-lpl-and-3m/ $AA $ADBE $GLW $LPLA $MMM",2026-08-09T14:48:44Z,Neutre
MMM,$MMM it’s looking like a near term pullback in $MMM 📉,2026-08-06T10:34:00Z,Neutre
MMM,"Notable Options Flow Alert  
 
Large ask-side call activity spotted: 
 
$NFLX 
- 80C 11/20 Exp 
- ~$6M premium @ 4.19 avg 
 
$FCX 
- 85C 11/20 Exp 
- ~$1.4M premium @ 2.56 avg 
 
$MMM 
- 190C 9/18 Exp 
-~$2.29M premium @ 2.96 avg 
 
$CRWV 
- 110C 8/14 Exp 
- ~$1M premium @ 3.21 avg 
 
$MRK 
- 145C 9/18 Exp 
- ~$930K premium @ 0.76 avg 
 
Big money continues positioning in select names. Keeping these unusual flows on watch for potential momentum moves.",2026-08-05T15:45:32Z,Neutre
MMM,"$MMM $JCI $EQNR $UPS $MNST 3M focuses on industrial innovation, Johnson Controls benefits from smart building demand, Equinor balances oil and renewables, UPS remains a logistics leader, and Monster Beverage continues expanding globally.",2026-08-05T06:41:49Z,Neutre
MMM,$MMM Nice technical pullback after good ER. Big C&amp;H forming looking back at the 5 yr.,2026-07-31T18:37:05Z,Neutre
MMM,$MMM 185,2026-07-30T16:33:21Z,Bullish
MMM,"$MMM &amp; $NOC Earning Play Trade Setup 
 
Watch the video to learn how to trade this repeatable pattern 🎯 
 
https://x.com/TENETTRADEGROUP/status/2082617291989189116?s=20",2026-07-30T00:02:31Z,Neutre
MMM,$MMM bought up,2026-07-29T13:48:55Z,Neutre
MMM,"Wall St is expecting 2.38 EPS for $MMM Q3 [Reporting 10/27 BMO]
http://www.estimize.com/intro/mmm?chart=historical&amp;metric_name=eps&amp;utm_cont",2026-07-29T11:09:23Z,Neutre
MMM,"$MMM
Share Price: $182.46

Contract Selected: Aug 21, 2026 $180 Calls

Buy Zone: $4.63 – $5.72
Target Zone: $7.63 – $9.32
Potential Upside: 56% ROI

Time to Expiration: 23 Days | Updates via https://fxcapta.com/stockinfo/",2026-07-29T05:17:06Z,Neutre
MMM,$MMM pull back levels --,2026-07-29T00:08:01Z,Neutre
MMM,$MMM excellent! 😄,2026-07-28T16:09:43Z,Neutre
MMM,$HNGE $OSCR $MMM and $GM feels like a balanced portfolio to me.,2026-07-28T16:03:09Z,Neutre
MMM,$MMM new market leader,2026-07-28T15:54:54Z,Bullish
MMM,$MMM J.P.Morgan raises target price to $205 from $180,2026-07-28T14:57:27Z,Neutre
AOS,"Wall St is expecting 0.90 EPS for $AOS Q3 [Reporting 10/22 BMO]
http://www.estimize.com/intro/aos?chart=historical&amp;metric_name=eps&amp;utm_cont",2026-08-24T13:15:23Z,Neutre
AOS,@topstockalerts $AOS,2026-08-19T17:23:39Z,Neutre
AOS,$AOS give us that 72 back i saw 8n the pre market!!,2026-08-11T13:38:13Z,Bullish
AOS,$AOS lemme see 65 today ✔️,2026-08-06T13:12:47Z,Bullish
AOS,$AOS undervalued?,2026-08-01T15:08:35Z,Bullish
AOS,$AOS give us good forward guidance in china kevin! Thanks,2026-07-30T14:07:52Z,Bullish
AOS,"$AOS Q2 &#39;26 Earnings Results &amp; Recap

• Reported GAAP EPS of $0.91 down -14.95% YoY
• Reported revenue of $1B down -0.69% YoY
• A. O. Smith Corporation updated its 2026 full-year outlook to sales growth of 2% to 3%, diluted EPS of $3.60 to $3.75, and adjusted EPS of $3.70 to $3.85 per share.",2026-07-30T11:04:43Z,Neutre
AOS,$AOS strength 💪 in turbulence,2026-07-23T13:49:19Z,Bullish
AOS,"$AOS $SPYM $O  
 
Small adds to the mix 
 
Nothing fancy",2026-07-17T19:20:11Z,Neutre
AOS,$AOS 63 close today,2026-07-07T14:31:16Z,Neutre
AOS,"$AOS  
A.O. Smith (AOS) Stock Analysis 
AOS has paid a dividend every year since 1940 and increased its dividend for 33 consecutive years. Its focus on energy-efficient and water-saving technologies aligns with global trends toward sustainability, offering long-term growth potential. For investors seeking a stable industrial company with defensive characteristics and a commitment to capital returns, AOS may be a compelling choice. 
Is the stock price a buy, sell or hold? 
 
What is the Intrinsic Value of A.O. Smith (AOS)? 
https://dividendvaluebuilder.com/ao-smith-aos-dividend-stock-analysis/",2026-07-06T18:19:05Z,Neutre
AOS,"Wall St is expecting 0.97 EPS for $AOS Q2 [Reporting 07/23 BMO]
http://www.estimize.com/intro/aos?chart=historical&amp;metric_name=eps&amp;utm_cont",2026-07-02T22:06:37Z,Neutre
AOS,$AOS attractive value?,2026-06-26T20:58:13Z,Bullish
AOS,$AOS this is acting like a hedge on the ai market,2026-06-25T13:11:24Z,Bullish
AOS,"Wall St is expecting 0.97 EPS for $AOS Q2 [Reporting 07/23 BMO]
http://www.estimize.com/intro/aos?chart=historical&amp;metric_name=eps&amp;utm_cont",2026-06-24T10:06:23Z,Neutre
AOS,$AOS - looks like a market reversal is approaching. Adding more here for safe harbor for what appears to be undervalued as is. Will add more if there is a dip. Always nice having dry powder for days like this and for what’s upcoming.,2026-06-23T06:51:01Z,Bullish
AOS,$AOS cheap seats selling out boys!,2026-06-16T14:08:48Z,Bullish
AOS,Sold $AOS $177 dollar profit.,2026-06-15T13:50:12Z,Bullish
AOS,$AOS  Bullish Chart Pattern (Double Bottom),2026-06-10T12:54:29Z,Bullish
AOS,In $AOS 58.52 83 making turn around back up way undervalued.,2026-06-09T14:05:16Z,Bullish
AOS,$AOS solid business?,2026-06-06T01:54:23Z,Bullish
AOS,"$AOS holding up nice, compared to the market this morning",2026-06-05T14:04:10Z,Bullish
AOS,$AOS i have buys scattered below 57,2026-05-29T14:10:54Z,Bearish
AOS,"Is $AOS a value trap at current levels? 🛠️ The water heating business is a durable moat, but the residential housing slowdown is a persistent headwind. We are watching for the company to prove its pricing power can offset volume declines. Until the technical trend flips, the &quot;premium&quot; valuation remains at risk of further compression. 💎 
 
🐂 Bulls: Look for a base formation around 58.00 before even considering a long setup 
🐻 Bears: The trend remains downward; keep watching for lower lows as housing data cools 
 
📊 Lean BEARISH. 
#AOS #Construction #StockMarket #hovdid",2026-05-23T18:31:26Z,Neutre
AOS,$AOS double bags?,2026-05-22T02:07:31Z,Bullish
AOS,$AOS one of the few stocks I’m seeing in the market that’s on sale. I’m about to take a position!,2026-05-20T15:12:01Z,Neutre
AOS,$AOS Chinese real-estate stock $hkex rated a strong buy! Bullish for aos,2026-05-19T14:47:40Z,Neutre
AOS,"Wall St is expecting 0.98 EPS for $AOS Q2 [Reporting 07/23 BMO]
http://www.estimize.com/intro/aos?chart=historical&amp;metric_name=eps&amp;utm_cont",2026-05-14T22:23:50Z,Neutre
AOS,$AOS trump and Xi said &quot; lets open up the china economy&quot;,2026-05-14T15:43:11Z,Bullish
AOS,$AOS wheres the damn bottom?,2026-05-13T14:41:01Z,Neutre
ABT,"$ABT
Price: $116.64 (+2.19%)
Trend: Bearish
Market Bias (7D): Bearish Bias 📉
Expected Range: ±0.73%
RSI: 80.7 | Momentum: Moderate
Volume: +15.8% vs avg
Volatility: 1.27%
Support: $102.89 | Resistance: $116.66

Data and analytics sourced from Thescanner educational research https://www.thescanner.ai",2026-08-22T01:49:03Z,Neutre
ABT,$ABT $XLV $SPY,2026-08-21T19:30:28Z,Neutre
ABT,"$ABT 
March 31st - Abbott and other investors fund $575 million in WHOOP at $10.1B valuation 

August 18th - WHOOP partners with Grail, adding Galleri screening test for their members

🤔",2026-08-21T14:52:57Z,Neutre
ABT,$ABT settlement is great news. It’s been an overhang for the last 5 years…,2026-08-21T12:42:03Z,Bullish
ABT,$ABT No pullback? I need to cover my short calls. 😠,2026-08-21T04:25:13Z,Bullish
ABT,"Wall St is expecting 1.42 EPS for $ABT Q3 [Reporting 10/21 BMO]
http://www.estimize.com/intro/abt?chart=historical&amp;metric_name=eps&amp;utm_cont",2026-08-20T14:18:14Z,Neutre
ABT,"$TTE $ABT $TD $TMUS $PEP TotalEnergies remains leveraged to global energy markets, Abbott benefits from healthcare and diagnostics demand, TD Bank benefits from financial activity, T-Mobile benefits from wireless subscriber growth, and PepsiCo benefits from resilient consumer demand. I&#39;m watching energy prices, medical-device demand, credit conditions, subscriber growth, and volumes.",2026-08-20T07:29:12Z,Neutre
ABT,"Abbott Laboratories has agreed to settle its appeal of a $495 million verdict involving its specialized formula for premature infants, according to court filings in Missouri. The settlement terms were not disclosed. 
In 2024, a St. Louis jury found that Abbott’s infant formula contributed to an Illinois girl developing necrotizing enterocolitis (NEC), a serious intestinal disease primarily affecting premature newborns. Abbott had challenged the verdict before the Missouri Supreme Court after a state appeals court upheld it in May. 
About 1,000 similar lawsuits have been filed against Abbott, which makes Similac, and Mead Johnson, a Reckitt unit that produces Enfamil. More than 800 cases are consolidated in federal court in Illinois, with additional cases pending in Illinois, Missouri and Pennsylvania. 
NEC causes intestinal tissue death and has an estimated mortality rate above 20%.  
$ABT",2026-08-19T20:48:24Z,Neutre
ABT,$ABT nice chart,2026-08-18T20:24:33Z,Bullish
ABT,"$ABT happy belated dividend day to all (from yesterday...) - going to keep reinvesting mine &amp; let it continue to add more shares &amp; compound, as we grind our way to 160+ in the coming years 🥂",2026-08-18T15:00:11Z,Bullish
ABT,"$ABT Abbott Laboratories (NYSE: ABT) is gaining attention with FreeStyle Libre, diagnostics, nutrition and cancer screening exposure. Here’s why ABT stock could have more room to run. https://biotechhealthx.com/biotech-news/what-makes-abbott-laboratories-abt-a-smart-buy-and-hold-investment/",2026-08-15T17:34:00Z,Neutre
ABT,$ABT That was it. Easy one,2026-08-14T06:45:13Z,Neutre
ABT,$ABT $DXCM $PODD $SENS $TNDM,2026-08-14T01:25:29Z,Neutre
ABT,$SENS $DXCM $ABT $TNDM $PODD https://lnkd.in/p/gUqQAkEB,2026-08-14T01:13:35Z,Neutre
ABT,"Jim Cramer&#39;s top 10 things to watch in the stock market Thursday
$abt

A lot of love for Abbott. Wolfe Research upgraded the stock to buy from hold, pointing to organic growth improvements and a potential re-rating of shares. Citi raised its price target to $125 from $112. Analysts are more upbeat on medtech after earnings. 2027 estimates for the group seem to be at more reasonable levels. We thankfully exited Abbott last fall, avoiding what had been a rough 2026. Johnson &amp; Johnson gives us medtech exposure now. Need it lower before we buy any more. https://www.cnbc.com/2026/08/13/jim-cramers-top-10-things-to-watch-in-the-stock-market-thursday.html?__source=iosappshare%7Ccom.stocktwits.StockTwits.STShareExtension",2026-08-14T00:21:37Z,Neutre
ABT,$ABT pretty sure dividend payments are tomorrow,2026-08-13T17:37:36Z,Neutre
ABT,$ABT Come down to 105 so I can close my hedge.,2026-08-13T17:37:22Z,Neutre
ABT,"$ABT this thing has traded sideways and consolidated for 5 years straight, despite beating guidance multiple times and revenue and profit growth. Will be trading at $200 as soon as Exact sciences dilution falls off in early 2027.",2026-08-13T14:44:44Z,Bullish
ABT,"$ABT higher highs &amp; higher lows.   $120+ is in play for us in the coming weeks, &amp; we can&#39;t discount the possibility of $130+ by year-end, pending the outcome with the next round of earnings that will be reported in November.  🥂",2026-08-13T14:42:54Z,Bullish
ABT,"Wall St is expecting 1.42 EPS for $ABT Q3 [Reporting 10/21 BMO]
http://www.estimize.com/intro/abt?chart=historical&amp;metric_name=eps&amp;utm_cont",2026-08-13T13:48:26Z,Neutre
ABT,"Thursday’s biggest analyst calls:

Citi reiterates SpaceX as buy

Bank of America reiterates MongoDB as buy

Wolfe upgrades AbbVie to outperform from peer perform

Wolfe upgrades Abbott Labs to outperform from peer perform

JPMorgan resumes Salesforce at overweight

$SPX $MDB $ABBV $ABT $CRM",2026-08-13T13:09:43Z,Neutre
ABT,"$SENS Part 1: An interesting perspective from a diabetes industry veteran!

I recently exchanged views with David Kliff, who has followed the diabetes industry for more than 30 years.

Despite the encouraging Q2 numbers from Senseonics, he remains convinced that $SENS will never become a serious threat to $DXCM or $ABT.

Why? 👇",2026-08-12T16:53:32Z,Neutre
ABT,"Abbott Laboratories $ABT (8h) 
 
Bullish Flow: Direct opening sweeps are repeatedly hitting October $110 Calls (2,764 OI), aggressively absorbing ask liquidity as spot price trends higher near $108.80. Institutional buyers are treating the post-earnings breakout as  prime accumulation vehicle  gross margins expand 100 bps to 58% and $2.1B in quarterly capital returnconfirms elite balance sheet execution. 🐂 💧 
 
Bull Key Level: $114.80 (Bull confirmation to clear primary upper wick friction and unlock explosive trend expansion) 🐂 🔥 
 
Bear Key Level: $93.50 (Absolute structural breakdown defense level and lower volume shelf) 🐻 ⚠️ 
 
Targets: $122.00 / $130.00 💰 🍺 
 
Why: Price action has cleared its primary 8-hour moving average ribbon and turned sharply higher with expanding green volume bars. The RSI indicator is holding firmly above 60 out of oversold territory, signaling buyers maintain complete structural control over the baseline. 
 
#abt |  #hovdid",2026-08-11T23:40:51Z,Neutre
ABT,"$MS $PM $GS $ABT $BX .
..",2026-08-11T15:09:21Z,Neutre
ABT,$ABT $GOOGL  partnership with AI and Glucose data to give people health insights,2026-08-11T13:15:49Z,Bullish
ABT,$BSX what if Bsx $JNJ or $ABT merged or bought out bsx?,2026-08-10T02:29:46Z,Neutre
ABT,"$SENS $DXCM $ABT  
 
Remember when we called the play years ago? This one alone deserves a “follow”.",2026-08-09T16:27:14Z,Bullish
ABT,$ABT Should be back at $130,2026-08-09T03:27:50Z,Neutre
ABT,"$GILD $ABT $DHR $LLY $MRK Analysts see meaningful upside in several top healthcare stocks for 2026, with one biotech leader offering nearly 30% implied upside based on the analyst target and supplied market price. https://biotechhealthx.com/biotech-news/top-5-healthcare-stocks-to-buy-with-1000-in-2026/",2026-08-09T02:47:08Z,Neutre
ABT,$ABT will up trend last?,2026-08-08T16:53:32Z,Bullish
ABBV,"$RGNX $OTLK  
Who might have a higher market cap than the other by September 1, 2027? $ABBV $JNJ",2026-08-24T17:07:42Z,Bullish
ABBV,@rando321456 $ABBV cannot be impressed with Curran Simpson,2026-08-24T15:04:40Z,Neutre
ABBV,"$PROK  Nice Accumulation going on with this stock. Buy and Hold. 
 Here is More educational info on Prok.  This is a big deal! 
Government savings would be huge. 
National Kidney Foundation indicates Medicare actually spends $130 Bilion--moe then 24% of total spending on kidney disease. 
https://www.kidney.org/take-action/advocate/legislative-priorities/federal-investment 
J.P. Morgan conference--Phase 2 complete. 78% response rate with kidney stabilization. This is an Autologous treatment, using the patients own kidney cells. 
Alligned with FDA for Accelerated approval. 
Phase 3 on board. 
https://investors.prokidney.com/static-files/9159cbbe-5e36-468c-9c58-f3b3cc4fc428 
 
$MRNA, $RHHBY, $LLY, $ABBV",2026-08-24T13:06:52Z,Bullish
ABBV,4 Trade Ideas for AbbVie: Bonus Idea $ABBV https://dragonflycap.com/4-trade-ideas-for-abbvie-bonus-idea-8/,2026-08-24T12:37:09Z,Neutre
ABBV,"$SLS Onureg / Oral Az is the (BAT) Best Available Treatment for AML Patients in First Remission, who are ineligible for Transplant - MOS 24.7 months. 
GPs Phase 2 MOS was not reached and was GREATER THAN &gt; 67.6 months in the same Exact First Remission Transplant Ineligible Setting. 
 
GPs MOS &gt; 67.6 months / Control arm BAT Onureg 24.7  
It is not complicated / OCCAMS Razor  
 
$ABBV conducted 3 Phase 3 trials combining Onureg with Venetoclax ... Aza+VEN - 3 Phase 3 Trials that FAILED - including the VIALE-M Ph3 Trial for Patients in First Remission Ineligible for Transplant - VIALE-M Failed  
Aza+VEN (BAT for the SLS P3 Control Arm FAILED ) 
- VIALE-T Failed -VERONA Failed OPTiAML FAILED",2026-08-24T06:06:36Z,Neutre
ABBV,$ABBV,2026-08-24T04:42:26Z,Bullish
ABBV,"$ABBV Abbvie stock, watch for a top of range breakout at https://www.stockconsultant.com/?ABBV",2026-08-24T03:11:20Z,Neutre
ABBV,"$SLS $MRNA $MRK pardon the typo -- .636 HR per the SAP -- and GPs gets the Fda green light. 
 
.636 Equates to a GPS MOS of 12.6 months vs ~8 with BAT for Control 
 
GPS Phase 3 Results are coming in close to 34/36 Months / w BAT in at ~ 8/10 ... 
 
Modern BAT / Aza+VEN recently Failed 3 Large Phase 3 Trials Conducted by $ABBV - including 2 for For AML Remission Maintenance. 
VIALE-M First Remissioin Maintenance p3 - failed 
VIALE-T Post Transplant Maintenance - Failed 
 
Gps has proven effective in Preventing Relapse and Extending Survival in all prior trials - with extended os correlated with WT1+ Specific Immune Response - including in 2 Phase 2 Trials for AML Remission Maintenance. 
 
it is not complicated.",2026-08-23T02:24:51Z,Neutre
ABBV,"$SLS $MRNA Just B Holding. SLS Phase 3 Results are Now Imminent - and worth 12X -15x the Current SLS Market Cap. 
  
• In addition to Gps Statistically Significant Phase 2 Results - 21 months MOS in Second Remission CR2, that was 4x longer than BAT,  
 
Gps has proven successful in preventing relapse and extending Survival in ALL prior trials - including 2 Phase 2 Trials for AML Remission. 
   
• As an Example, Gps achieved a not yet reached and greater than &gt; 67.6 month Median Overall Survival in a Phase 2 trial for first remission patients (CR1).   
  
• Standard of care is 24.7 months / Onureg.  
 
and  $ABBV combined Venetoclax w Onureg in 3 phase 3 trials that Failed - in the VIALE-M phase 3 trial for CR1 patients Ven +Onureg Failed.  
 
Modern BAT for the SLS P3 Control Arm Recently Failed 3 large P3 trials.  
  
its not complicated.",2026-08-23T00:45:44Z,Neutre
ABBV,$NVO $LLY $AMGN $ABBV  GET READY FOR MORE PAIN 🤕,2026-08-22T21:49:43Z,Bearish
ABBV,$NGEN Interesting.   Thanks also to @derekiz for highlighting that connection between NGEN and $ABBV I was not aware of that.  Hmm!  Abbvie was under my coverage years back and I would not be sad to see them be the ones to ultimately acquire us.  Cheers.,2026-08-22T17:54:52Z,Neutre
ABBV,$SLS You heard it here first: $JNJ is going to buy GPS and $ABBV Tambiciclib. $15 B each. Done deal. Carry on.,2026-08-22T12:09:23Z,Bullish
ABBV,"$SLS $MRNA for Any who do not Know - Modern BAT / Aza+VEN - for the SLS Control Arm Patients, Recently Failed 3 Large Phase 3 Trials conducted by $ABBV ...",2026-08-22T04:04:05Z,Neutre
ABBV,"$SLS Happy weekend to all longs!  It&#39;s been a beautiful day on Canada&#39;s Sunshine Coast 🌞  
 
This week, and today&#39;s market activity especially, gives us much optimism that something&#39;s afoot and coming down the pipe.  If it is the long-awaited &#39;80th event&#39; - well, in many ways it feels to me a relief, but also sadly ironic the 80th REGAL patient&#39;s death will cause such excitement and action in the stock market.  For this reason I used to hold a lot of resentment for the IDMC for not halting and unblinding REGAL sooner.  But I&#39;ve resigned to waiting on the 80th like everyone else, having faith that the REGAL FA will show extraordinary efficacy, statistical power, meaning and significance and that, in of itself, will help save and extend more lives over the long term. 
 
Those BPs in the running - $JNJ, $LLY, $ABBV, $MRK, etc. -- I&#39;m sure they all want REGAL numbers and statistics as refined, unequivocal and significant as possible -- and that will benefit all parties concerned! 
 
Reminder 👇",2026-08-21T23:43:06Z,Neutre
ABBV,"$SLS $MRNA $IBRX Just B Holding. 
 
In addition to Gps Stat Sig 21 months MOS P2 for CR2 that was 4x longer than BAT, 
Gps has proven successful in preventing relapse and extending Survival in ALL prior trials.  
  
• Just as an Example, Gps achieved a not yet reached and greater than &gt; 67.6 month median overall survival in a Phase 2 trial for first remission patients (CR1).  
 
• Standard of care is 24.7 months / Onureg. 
 
$Abbv combined Venetoclax w Onureg in the VIALE-M phase 3 trial for CR1 patients  
- it Failed. 
BAT for the SLS P3 Control Arm Failed 3 large P3 trials. 
 
its not complicated.",2026-08-21T21:05:46Z,Neutre
ABBV,"$SLS Investment of a Lifetime. 
 
$ABBV is a Likely Buyer  
 
 
https://www.fiercepharma.com/pharma/inside-abbvies-10b-immunogen-buyout-and-bidding-war-it-won 
 
/ SLS009 + ABBV Ven+aza in Randomized Pivotal AML-MR trial - results incoming Next Quarter.",2026-08-21T19:20:55Z,Neutre
ABBV,$ABBV Soon next leg up,2026-08-21T18:52:23Z,Bullish
ABBV,"$MRNA Bye Buy Short Turdler -- we hardly knew ya. onto the next ID. 
$SLS Should be at $24/$28 When the 80th Event PR is announced / imminently. 
SLS share price has nearly doubled and more every time an Event Milestone was announced. 
 
IDMC Unblinded the actual MOS and IR Data --- from the Interim Analysis.  
- Thought exercise - BAT is known, it failed 3 Large Phase 3 Trials, conducted by $ABBV / $RHHBY $BMY  
They KNOW PRECISELY how thier Drugs Perform for these AML CR2 patients.",2026-08-21T18:48:50Z,Neutre
ABBV,$SLS $ABBV $MRNA $IBRX,2026-08-21T17:54:12Z,Neutre
ABBV,"$MRNA Does Make Sense for $LLY to BUY this for about $99B ... right now. 
 
$SLS goes for $33B - $47B when its Acute Myeloid Leukemia remission maintenance results are announced - news imminent. 
Prior GPs Phase 2 results &gt; 67.6 months of Median Os vs SOC / Onureg at 24.7 months. 
 
Onureg + Venetoclax Failed a Phase 3 trial conducted by $ABBV who should buy SLS right now - SLS&#39;s secondary agent in Pivotal Randomozed 80 patient P2 combined w VEN  
 
in front line AML-MR  ( Tp53 axl1, .. mutations w no approved options ) - FDA reviewed Prior P2 data 4x Os increase, 57% ORR in end stage patients who&#39;d failed all treatment options, and fda requested SLS move the trial into the front line.",2026-08-21T17:50:33Z,Neutre
ABBV,"$SGMO NAV1.7 .... 
interest from multiple pot. #partners ...  now bidders 
 
$VRTX $ABBV $LLY   who else ???",2026-08-21T17:07:13Z,Neutre
ABBV,"$SGMO $ABBV 
 also potential bidder for $SGMO NAV1.7 
as they entered world of pain in deal with Haisco 
 
https://www.biospace.com/business/abbvie-enters-world-of-pain-in-up-to-715m-deal-with-chinas-haisco",2026-08-21T17:06:02Z,Neutre
ABBV,"$SLS And this is in Second Remission AML - Gps is an Effective CURE for AML Patients who obtain First Remission - Stronger Immune system. 
 
For those who don&#39;t know  
GPS Phase 2 MOS in CR1 was not Reached &gt; 67.6 months - in transplant ineligible Patients. 
 
SOC / Onureg MOS is only 24.7 Months ... 
 
&gt;67.6 w GPS vs 24.7 Months with SOC 
And $ABBV conducted a Phase 3 trial VIALE-M - combining Onureg with VEN that Failed . . .  
8 Dosing regimes were attempted in the VIALE-M CR1 Trial, and they all FAILED. 
Gps is worth 10x - 25X more than the current market manipulated share price.",2026-08-21T16:45:12Z,Neutre
ABBV,"$ABBV $IBRX $MRNA $SLS 

ABBV: Hey pipsqueak SLS I see you might have something there in GPS &amp; SLS 009.

SLS: I know, we’re doubling to quadrupling + life expectancy in AML with our blockbuster assets. We can’t wait for Regal final analysis. 

ABBV: The market doesn’t really seem to think so. Seems like you just got lucky. Listen we’ll take these off your hands before Regal Phase 3 drops that way you can take the cash &amp; run. What’s the number?

SLS: 40 billy. 

ABBV: Are you out of your cotton picking mind ha ha ha good one you’re a hoot! Listen we’ll give you $8.5 bills that’s really generous. We’ll write the check right now &amp; take these assets to the finish line like only we can. 

SLS: 40 billy. AML monopoly &amp; 20+ platform potential. Not a penny less. 

ABBV: Bro 😎, we were trying to be nice, but now we’re going to have to render your assets obsolete with our new trials. 

…3 trial failures later…

ABBV: Ok bro 😎, let’s talk…you were saying $40 billy?

SLS: Step into our office.",2026-08-21T15:41:50Z,Neutre
ABBV,"$SLS $MRNA for Any who do not Know - Aza+VEN - Modern BAT for the SLS Phase 3 Control Arm Patients, Recently Failed 3 Large Phase 3 Trials conducted by $ABBV",2026-08-21T13:43:23Z,Neutre
ABBV,$ABBV presented new lung cancer data at WCLC 2026. https://www.rapidticker.com/news/abbv-abbvie-to-present-new-data-f35c1c,2026-08-21T11:55:53Z,Neutre
ABBV,"$SLS for Any who do not Know - Aza+VEN - Modern BAT for the SLS Phase 3 Control Arm Patients, Recently Failed 3 Large Phase 3 Trials conducted by $ABBV .. 
 
​$MRNA $IBRX",2026-08-21T03:56:05Z,Neutre
ABBV,"$SLS $MRNA for Any who do not Know - Modern BAT / Aza+VEN for the SLS Control Arm Patients, Recently Failed 3 Large Phase 3 Trials conducted by $ABBV ...",2026-08-21T01:23:30Z,Neutre
ABBV,@Spaceyboy modern bat / aza+VEN Failed 3 Large Phase 3 Trials conducted by $ABBV,2026-08-21T01:19:20Z,Neutre
ABBV,"$SLS and while we are seeing Miraculous survival in the GPS Phase 3 Trial  
- Aza+VEN, the BAT for Control Patients - recently Failed, 3 Large Phase 3 AML Trials conducted by $ABBV. 
  
VIALE-M P3 (M for Maintenance) Failed in First Remission CR1 
VIALE-T P3 in Post Transplant Maintenance  
VERONA - HighRiskMDS/AML Precursor Failed 
OPTI-AML Reduced Intensity AzaVEN Dosing Phase 2 FAILED. 
 
it ain&#39;t BAT ...  
 
$MRNA $IBRX",2026-08-20T20:36:04Z,Neutre
ACN,$ACN $400 soon.,2026-08-24T17:18:24Z,Bullish
ACN,"$ACN 
Panic ensuing. Q4 not shaping up as planned?",2026-08-24T15:41:36Z,Neutre
ACN,$APP similar chart and price action as $ADBE and $ACN. just need to be patient,2026-08-24T14:23:49Z,Neutre
ACN,"Wall St is expecting 3.18 EPS for $ACN Q4 [Reporting 10/01 BMO]
http://www.estimize.com/intro/acn?chart=historical&amp;metric_name=eps&amp;utm_cont",2026-08-24T14:06:30Z,Neutre
ACN,"$ACN oh oh. 

https://www.storyboard18.com/amp/digital/accenture-ceo-julie-sweet-asks-employees-to-stay-focused-in-august-as-company-pushes-for-stronger-q4-107869.htm",2026-08-24T08:31:40Z,Neutre
ACN,$ACN Hits $190 im out,2026-08-24T00:30:26Z,Neutre
ACN,$ACN Waiting for $170,2026-08-23T13:45:59Z,Neutre
ACN,$ACN fucking ripping. Again!,2026-08-21T15:10:04Z,Bullish
ACN,"$PLTR a few ways to think about this stock…It could double sales and profit for the next 5 years and still wouldn’t earn what $ORCL is earning today. Its market cap is roughly double that of $ACN + the public gov’t services prices, but it makes roughly 5% of that market group. They will lose the rule of 40 eventually. It’s an impossible game. And when dems win the midterms, this will drop back below 100. It will be quick.",2026-08-21T09:43:05Z,Bearish
ACN,$ACN i am out guys. My average price was ~super~ messed up. Did some serious averaging down in the lower 100s area and escaped with a small profit. Was not one of my larger positions. I think 195-215 is possible. Not worth it for me to find out. Good luck to everyone. ACN is a great company…wish my average could’ve been 130!,2026-08-20T21:38:18Z,Neutre
ACN,$ACN called this in 130s within 48 hours bottom. Some up more on other $IGV names but we did what can be done here hold the shares long term gold until at least 250,2026-08-20T16:12:14Z,Neutre
ACN,$ACN,2026-08-20T15:22:07Z,Bullish
ACN,$ACN looking for 200$,2026-08-20T15:12:34Z,Bullish
ACN,$ACN please go back to 170,2026-08-20T14:01:04Z,Neutre
ACN,"$SNOW $FTNT $ACN $MO $ADP Snowflake benefits from cloud-data and AI workloads, Fortinet benefits from cybersecurity spending, Accenture benefits from enterprise technology investment, Altria benefits from consumer-product demand, and ADP benefits from employment and payroll activity. I&#39;m watching cloud consumption, security budgets, technology spending, volumes, and labor trends.",2026-08-20T07:30:48Z,Neutre
ACN,$ACN $ORCL 16.94 billion total contract value for Oracle https://sam.gov/opp/0817db124a424e0b840dacb2e18cdd7b/view,2026-08-19T16:55:42Z,Neutre
ACN,$ACN don’t even think today 😂 $QQQ $SPY,2026-08-19T16:38:56Z,Neutre
ACN,Large caps bullish after an hour $NOW $ACN $CRM $ADBE $INTU,2026-08-19T15:01:51Z,Bullish
ACN,$ACN you always follow my instructions:) $QQQ $SPYD,2026-08-19T14:49:13Z,Neutre
ACN,$ACN on 🔥,2026-08-19T14:31:43Z,Neutre
ACN,"$MRNA $TGT $TWST $ACN $EL 

Big bullish trend names after 45",2026-08-19T14:12:46Z,Bullish
ACN,Large caps bullish after an hour $ACN $NOW $CRM $PGR $DHR,2026-08-19T14:05:25Z,Bullish
ACN,"$ACN Unfortunately still my worst position but definitely happy with the last few weeks. Forecasting price targets is tough given the recent multiple compression, but assuming we move past the &quot;AI is going to destroy everything&quot; narrative I see Fiscal 27 price at 350+ and Fiscal 28 price at 380.",2026-08-18T22:59:02Z,Neutre
ACN,$ACN can you break 180,2026-08-18T14:06:55Z,Neutre
ACN,$IOVA $OCUL $ACN $WM $MAGS real,2026-08-17T20:57:45Z,Bullish
ACN,"Wall St is expecting 3.18 EPS for $ACN Q4 [Reporting 10/01 BMO]
http://www.estimize.com/intro/acn?chart=historical&amp;metric_name=eps&amp;utm_cont",2026-08-17T14:03:35Z,Neutre
ACN,"$GSAT $UVXY $ACN $BTGO Globalstar benefits from satellite-connectivity opportunities, UVXY provides leveraged volatility exposure, Accenture benefits from enterprise technology and AI spending, and BTGO remains highly speculative. I&#39;m watching satellite contracts, volatility, consulting demand, and liquidity.",2026-08-17T05:34:54Z,Neutre
ACN,$ACN $300 soon.,2026-08-17T05:06:12Z,Bullish
ACN,"Don&#39;t believe the IT bulls 
 
Accenture  
$ACN 
 at 2018 levels, below channels and MAs 
 
IT Consulting is a dying business everywhere, with AI, margin erosion and inability to close deals 
 
Clients don&#39;t have budgets left after paying for inference and AI initiatives",2026-08-17T03:29:42Z,Neutre
ACN,$ACN What the hell has been wrong with this company?,2026-08-16T06:25:19Z,Neutre
ADBE,$VCX my two biggest call options right now $ADBE,2026-08-24T22:52:49Z,Bullish
ADBE,$ADBE strong close,2026-08-24T20:06:13Z,Bullish
ADBE,$ADBE  updated chart. Price now over all major ma&#39;s.  Next up for me will be the Feb gap.  It has tested but not filled.,2026-08-24T19:16:30Z,Bullish
ADBE,$ADBE keep running baby,2026-08-24T18:19:25Z,Neutre
ADBE,$ADBE $540 soon.,2026-08-24T17:20:02Z,Bullish
ADBE,$ADBE,2026-08-24T16:04:58Z,Bullish
ADBE,"$ADBE 📊 USAEquityResearch

▲ 276.40  (+0.40%)

Trend: Bullish 📈
RSI (14): 61.7 — strong momentum, approaching overbought
MACD: bullish, above signal line and rising
Volume: below average

📌 Key Levels
Resistance: 276.40  |  Support: 247.90
20-MA: 262.40  |  50-MA: 233.90

💼 Fundamentals
Mkt Cap: $109.87B
P/E (TTM): 15.8  |  Fwd P/E: 10.1
FCF: $9.22B  (23.19/sh)
Total Debt: $7.08B  D/E: 61.44

📉 Options  (exp 2026-08-28)
ATM IV: 51.1%  |  Skew: -2.7% (call-heavy)
P/C Ratio: 1.14  ⚖️ Neutral
Max Pain: 262.50
Call wall: 277.50  |  Put wall: 275.00

Educational content only. Not financial advice.

Full data, options chain &amp; financials: https://usaequityresearch.com/stocks/ADBE",2026-08-24T15:42:30Z,Neutre
ADBE,$ADBE need $282 to break even!!!!!!!!,2026-08-24T15:23:01Z,Bullish
ADBE,"@Lazytrade I remember how even Whales sold at lose because didn&#39;t believe in $ADBE , we need just hold and management need to execute $APP",2026-08-24T15:08:17Z,Neutre
ADBE,$ADBE damn hug volumes in the past few minutes,2026-08-24T14:59:49Z,Neutre
ADBE,$ADBE gonna retry that 278 resistance again. Got smacked down pretty hard but we’ll keep chipping away.,2026-08-24T14:26:56Z,Bullish
ADBE,$APP similar chart and price action as $ADBE and $ACN. just need to be patient,2026-08-24T14:23:49Z,Neutre
ADBE,$ADBE clear break of market structure to the upside. Get ready.,2026-08-24T14:08:11Z,Bullish
ADBE,$ADBE we got this bruh,2026-08-24T13:55:27Z,Bullish
ADBE,$ADBE,2026-08-24T13:48:13Z,Bullish
ADBE,"Big 3 weeks ahead for enterprise software:

• $CRM reports earnings this week
• $ORCL up next week
• $ADBE the week after",2026-08-24T13:29:38Z,Bullish
ADBE,$ADBE Still bullish here all the way to $290,2026-08-24T07:51:56Z,Bullish
ADBE,$SPY $ADBE $CRM $NOW $WDAY were taking a beating while AI stocks were soaring. Do we see the opposite now?,2026-08-24T05:54:58Z,Neutre
ADBE,"OPTION WATCHLIST 8/23/2026 
 
$V - Stock in a strong uptrend and close to all time highs at $373.28. Looking for calls above $373.28 for a move towards $385 and $400. Tiger Global Management Takes New Stake In Visa Inc With 798,697 Shares 
 
$SNOW- Stock making a flag pattern on the daily. Software names are getting some momentum. Swing calls added in the group. Looking for $340 and $350 upside price targets.  
 
$MSTR- Stock up almost 30% last week with bitcoin moving higher. Multiple call flows coming in. watching for calls above $122.50 for a move towards $130 and $145. High watch for 80k break on bitcoin. 
 
$ADBE- Stock testing $275 weekly trendline resistance. High watch if that level breaks for a move towards $285 and $300. Puts below $267 for a retest of $250 and lower.  
 
$CRM - Stock testing $210-211 previous resistance zone on the daily. Looking for calls at that level for a move towards $225 and higher. If $210 fails again possible retest of $200 level.",2026-08-24T03:55:40Z,Neutre
ADBE,$ADBE Shorting with both hands in the premarket tonight!!,2026-08-23T23:12:12Z,Bearish
ADBE,"$ADBE i Agree, over $300. soon",2026-08-23T20:36:53Z,Neutre
ADBE,"Clues for Stock market directions                     
                                                                                                                                              
 MAG 7 &amp; SPY&amp;  QQQ &amp;  Tech Stocks Trend &amp; Technical:                                                                                                       
https://youtu.be/7urKFeQOWkM?si=0R2gGZ5PYgadfk2D 
                                                   
- Stock Market new ATH or crashing?                                                                              
- Support &amp; Resistance Guide- 
     
$ADBE $SBUX $PEP $DIS $INTC",2026-08-23T00:00:11Z,Neutre
ADBE,"$ADBE 
https://substack.com/@tradeapes/note/c-319673760",2026-08-22T20:52:55Z,Neutre
ADBE,"Don&#39;t miss what Trump, Congress, and Insiders are trading. All conveniently available for navigation and cleanly displayed on Top Tier Newswire! $ORCL $ADBE $UBER $AAPL $INTC",2026-08-22T20:33:06Z,Neutre
ADBE,@pnvoss  I remember you from $ADBE  almost 2yrs ago. Doesn’t this shitty PA scare you?. This WS movie is no different from the one played  in $ADBE ’s .  $APP will sit comfy at the $200’s  for quite awhile imo there’s no need to rush buying  it here.,2026-08-22T12:42:25Z,Bearish
ADBE,$ADBE $300 plus this coming up week 🙏🏻,2026-08-22T03:59:10Z,Neutre
ADBE,"$ADBE 📊 USAEquityResearch

▲ 275.30  (+1.13%)

Trend: Bullish 📈
RSI (14): 64.0 — strong momentum, approaching overbought
MACD: bullish, above signal line and rising
Volume: normal

📌 Key Levels
Resistance: 275.30  |  Support: 237.75
20-MA: 260.47  |  50-MA: 232.75

💼 Fundamentals
Mkt Cap: $109.43B
P/E (TTM): 15.7  |  Fwd P/E: 10.0
FCF: $9.22B  (23.19/sh)
Total Debt: $7.08B  D/E: 61.44

📉 Options  (exp 2026-08-28)
ATM IV: 43.5%  |  Skew: +3.5% (put-heavy)
P/C Ratio: 1.25  🐻 Bearish lean
Max Pain: 260.00
Call wall: 277.50  |  Put wall: 275.00

Educational content only. Not financial advice.",2026-08-21T20:41:50Z,Neutre
ADBE,$ADBE,2026-08-21T19:39:42Z,Bullish
ADBE,$ADBE Easy money,2026-08-21T19:21:05Z,Bullish
ADBE,$ADBE sshhhhhhhhhh,2026-08-21T18:24:21Z,Neutre
AMD,$AMD $450 8/28 puts are gong to print.,2026-08-24T23:28:21Z,Bearish
AMD,"$AMD saw $28.88M in options flow today. Heavy put action dominated with 85.3% or $24.63M of the total premium. The bearish skew suggests cautious positioning by traders today. Track live flow: https://profitbuilders.io/scanner 
Bearish 
 
#OptionsFlow",2026-08-24T23:27:01Z,Neutre
AMD,"$NVDA $AMD $AVGO $QQQ 

So AI is dead now?  It changes every week.

Is there any evidence that AI is dead?  No

In fact,  there’s more and more investment in AI every day.

So, the more AI investment causes more panic and the stock to go down?

Shouldn’t there be panic IF there was NO more additional AI investment?

I’m pretty sure everyone has it wrong.",2026-08-24T23:24:06Z,Neutre
AMD,"$AMD $QQQ $NVDA  to the people that trade, what failsafes do you use when you notice yourself starting to &quot;tilt&quot; or revenge trade?",2026-08-24T23:18:36Z,Neutre
AMD,$AMD C’monnnn Wednesday,2026-08-24T23:17:36Z,Neutre
AMD,$AMD the manipulation is just insane. Best anyone can do is buy these nasty dumps and load them as they can,2026-08-24T23:00:23Z,Neutre
AMD,$AMD,2026-08-24T22:53:53Z,Neutre
AMD,$AMD  has surpassed a 30% share of the x86 PC CPU market for the first time 🚨,2026-08-24T22:53:37Z,Neutre
AMD,"$AMD this looks like it wants to fall off, maybe big dip tomorrow, then some recovery leading to NVDA earnings",2026-08-24T22:51:46Z,Neutre
AMD,$AMD still bullish. Idgaf.,2026-08-24T22:46:51Z,Bullish
AMD,"$SPY $NVDA $QQQ $SOXX $AMD  
AI Capex is hitting a brick wall - as it should attempting a buildout without adequate infrastructure in place.  
 
GLTA  
If new to trading, read my post below carefully.",2026-08-24T22:39:00Z,Neutre
AMD,$NVDA $AMD $ASTS,2026-08-24T22:10:59Z,Neutre
AMD,"$AMD $DELL $HPE $NVDA $SMCI cross posters are annoying.

No one cares.",2026-08-24T21:59:59Z,Neutre
AMD,"$SMCI 😂 At this point, shorting this stock should require a permit and a background check.

Revenue exploding. AI infrastructure demand booming. $65B–$72B FY27 revenue guidance. NVIDIA ecosystem firing on all cylinders…

And somehow the response is: “SELL IT!” 🤡

Apparently making billions and supplying the AI revolution is bearish now.

Keep pressing it down, shorts. You’re not deleting the fundamentals, you’re just making the valuation more ridiculous. 😂🔥🐂

$NVDA $AMD $DELL $HPE",2026-08-24T21:59:14Z,Bullish
AMD,"@Tacticalstump $RUM is up 60% in 10 days.  I am sure there are a ton of &quot;Lock in profit&quot; folks who are counting on this to settle down, maybe sink back into the 8s over a couple of weeks and be able to climb back in, rinse and repeat.   
 
Possibly - but I think still a solid day when $AVGO $NVDA $AMD and a lot of other AI / heavy hitting tech stocks were down.     
 
Had this been a generally green day, not the trade issues with Canada, etc, this would have popped and stayed above 10.  But with NASDAQ down 200 and this is up 3%, that is a solid against the tide kind of day. 
 
I would have loved more, but this looks like it is coiling and building pressure up",2026-08-24T21:36:34Z,Neutre
AMD,$AMIX coming soon $3 bad news scam company pumpers lol look at this $SPCX $NVDA $AMD,2026-08-24T21:26:39Z,Bearish
AMD,$AMD this will go up with MU or NVDA good earnings no worries all keep add 👆👆👆👆👆👆😉,2026-08-24T21:24:34Z,Bullish
AMD,#Dow Rises As Tech Stocks Drag S&amp;P 500 Lower Ahead Of #Nvidia Results Mentions: $NVDA $MU $AMD $AVGO $SOXX https://talkmarkets.com/article/dow-rises-as-tech-stocks-drag-sp-500-lower-ahead-of-nvidia-results-1787606431,2026-08-24T21:21:19Z,Neutre
AMD,"$AMD 450 held, will it tomorrow or waiting for NVDA earnings",2026-08-24T21:20:42Z,Neutre
AMD,$NVDA $AMD %$MU $SMCI $SKHY Time to make it a better day. Cheers folks!,2026-08-24T21:13:07Z,Bullish
AMD,$AMIX bad news pump and dump $SPCX  $NVDA  $AMD,2026-08-24T21:10:24Z,Bearish
AMD,$AMIX coming soon $3 look at this $SPCX  $NVDA  $AMD,2026-08-24T21:00:17Z,Bearish
AMD,$AMD today&#39;s bounty!,2026-08-24T20:54:35Z,Neutre
AMD,$AMD increased my position,2026-08-24T20:50:55Z,Bullish
AMD,"$NVDA $AMD $QQQI 

They are soooo bearish on the semis trade on CNBC.

It feels like they are going out of their way to try to get you to sell.

It feels like a setup, I could be wrong but I don’t remember them being this bearish on semis esp before $NVDA earnings.

Setup or not?",2026-08-24T20:31:22Z,Neutre
AMD,$AMD is AMD going out of business?,2026-08-24T20:31:10Z,Neutre
AMD,"Good evening 
 
OVN 
$SPY 8/27 761p $2.35 
 
Enjoy your night 
$TSLA $AMD $NVDA $MU",2026-08-24T20:17:25Z,Neutre
AMD,$AMD … This is in an endless freefall over the last month. WTF? 🤬,2026-08-24T20:15:01Z,Neutre
AMD,$AMD Yesterday was the lowest volume day since Christmas eve 2025. Today only 1.5m more. Selling is getting exhausted.,2026-08-24T20:15:01Z,Bullish
AMD,$AMD Another historically low volume day - Hedge Funds can do whatever they want to the share price when there is barely 14M shares traded on the day..,2026-08-24T20:11:23Z,Neutre
AES,"$FLNC Something is up this morning. There has never been this many prints on the order book in premarket so far from the current price, and volume is up. Maybe #Grid 2.0 that Fluence is working on. Look like the real reason $BLK  wanted $AES  😉 https://pv-magazine-usa.com/2026/08/17/proposed-grid-2-0-protocol-would-enable-connect-and-manage-for-both-load-and-generation/",2026-08-18T13:23:54Z,Bullish
AES,$AES / Global Infrastructure Partners – Ohio PSC Comment Reply Deadline (Staff Recommended 7/9),2026-08-13T12:01:24Z,Neutre
AES,$AES  Open Equals Low with good volume.,2026-08-13T11:55:25Z,Bullish
AES,"$AES per the 10-Q filed with SEC on Aug 4, earnings per share for Q2 was 0.60, ~33% beat over the forecast. Page 4 of the filing, line items &quot;DILUTED EARNINGS PER SHARE:&quot; https://www.sec.gov/ix?doc=/Archives/edgar/data/0000874761/000087476126000144/aes-20260630.htm",2026-08-05T15:55:40Z,Neutre
AES,"$ZION $AES $CFR $FROG $VICR Zions Bancorporation strengthens commercial banking, AES expands renewable energy, Cullen/Frost provides stable banking exposure, JFrog benefits from DevOps software adoption, and Vicor supplies advanced power solutions.",2026-08-05T06:59:04Z,Neutre
AES,"$AES Q2 &#39;26 Earnings Results &amp; Recap

• Reported GAAP EPS of $0.60 up 500.00% YoY
• Reported revenue of $3.42B up 19.86% YoY",2026-08-04T20:44:47Z,Neutre
AES,$AES I have added a screenshot from TradingView with yesterday&#39;s option contract volume as proof.,2026-07-31T14:17:55Z,Neutre
AES,$AES really big volume today on Jan 2027 Call options at 5.00 and 10.00 strikes. ~3.6M in contracts at 5.00 and ~1.2M at 10.00 traded today.,2026-07-30T22:11:29Z,Neutre
AES,$AES  it don&#39;t matter it&#39;s not going over $ 15 due to the buyout or under $14,2026-07-23T08:42:59Z,Neutre
AES,$AES  When is the next earnings report?,2026-07-14T15:43:32Z,Bullish
AES,"$FLNC  Finally someone that isn&#39;t paid to pump $EOSE! And is shows. Account has over 100k 
 
$TSLA $ETN $AES  
 
https://www.investingvisuals.io/ai-energy-industry-breakdown-and-investment-opportunities/",2026-07-13T14:56:24Z,Bullish
AES,$AES,2026-07-09T18:08:59Z,Neutre
AES,"$AES
Current Stock Price: $14.62
Contracts to trade: $14.5 AES Jul 10 2026 Call
Entry: $0.13
Exit: $0.18
ROI: 40%
Hold ~24 days

Shared as daily free alerts and for educational purposes only. https://dailypickai.com/freealerts",2026-07-09T01:46:07Z,Neutre
AES,$AES So what happens to shares that are held into the acquisition?,2026-07-08T14:27:32Z,Neutre
AES,$AES added here lets go!,2026-07-06T13:41:57Z,Bullish
AES,@StellA1918 Who the heck said $AES wants out? A Black Rock backed company agreed to buy them out. Do you think they agreed to buy them out becuase their investments suck. Sorry but no. They did it becuase they know clean energy and batteries (that can buy and sell energy) are the next gen money maker in energy.,2026-06-30T16:12:08Z,Bullish
AES,$AES robbery. Leadership got bought and screwed the shareholders.,2026-06-28T03:15:41Z,Neutre
AES,"$AES
Current Stock Price: $14.62
Contracts to trade: $14.5 AES Jun 26 2026 Call
Entry: $0.15
Exit: $0.29
ROI: 95%
Hold ~29 days

Shared as daily free alerts and for educational purposes only. https://dailypickai.com/freealerts",2026-06-25T19:24:10Z,Neutre
AES,"$AES You mean that’s when the voting results will be announced? 

I voted No…this deal is such a low ball rip off based off of the fact that before all their AI Energy contracts they were at $29 per share.  It should be worth more than that now that they have new contracts to generate even more revenue &amp; earnings.",2026-06-25T13:56:05Z,Neutre
AES,$AES 25$ when 👀🫣👀✅🐉👍👏,2026-06-25T10:57:17Z,Bullish
AES,$AES shareholder vote on the acquisition june 26th. maybe we’ll get a clearer picture on the closing date then.,2026-06-24T02:53:06Z,Neutre
AES,$AES if blackrock just raise the bid higher and would easily get approved. Probably will anyway. But this could be worth more stand alone with new leaders that don’t sell out shareholders for a quick payday.,2026-06-23T18:41:36Z,Neutre
AES,$AES I’m accumulating mode —-,2026-06-22T21:12:46Z,Bullish
AES,"$AES calculate a buyout price on 2024 numbers and situations, yeah what could go wrong Gluski?",2026-06-13T08:26:48Z,Neutre
AES,$AES provided supplemental merger disclosures and noted two shareholder lawsuits related to its pending merger with Horizon Parent.,2026-06-12T21:45:37Z,Neutre
AES,$AES fails,2026-06-12T20:02:42Z,Bearish
AES,Current Report: The AES Corporation May Gain About 9% This Year $AES https://talkmarkets.com/article/current-report-the-aes-corporation-may-gain-about-9-this-year-1780930018,2026-06-08T14:50:15Z,Neutre
AES,$AES my suggestion to the board since screwing us with $15 bags 🎒 they should increase divvy&#39;s.  $$,2026-06-08T03:27:56Z,Neutre
AES,$AES started a position today.,2026-06-05T23:43:13Z,Bullish
AES,$AES Whats up with this company? My model picked it as the highest likely safe bet at 5.3% of my portfolio. It has it as a 252 day 90% gain.,2026-06-03T17:25:23Z,Bullish
AFL,"$AFL
Price: $116.07 (-0.09%)
Trend: Bullish
Market Bias (7D): Bullish Bias 📈
Expected Range: ±1.31%
RSI: 18.6 | Momentum: Moderate
Volume: -38.9% vs avg
Volatility: 1.28%
Support: $115.82 | Resistance: $129.57

Data and analytics sourced from Thescanner educational research https://www.thescanner.ai",2026-08-21T20:48:51Z,Neutre
AFL,"$AFL Wolfe Research Underperform initiation sends Aflac shares down over 4% 
Wolfe Research started coverage with Underperform rating and $103 PT, citing ~15% downside from ~$120 levels. Analyst highlighted decelerating Japan third-sector sales failing to offset shrinking in-force book. 
Noted EPS growth overly dependent on share repurchases rather than organic earnings growth. 
Move coincides with ex-dividend date for $0.61 quarterly dividend (record date Aug 19), adding mechanical pressure. Builds on Q2 2026 results (Aug 6) showing slight EPS miss, revenue decline, and yen/currency headwinds in Japan.",2026-08-21T09:52:04Z,Neutre
AFL,"WED 8/19: $AFL – CALLING A FINAL SELL SIGNAL @ $119.84 -2.6% 
 
10:11 AM – The stock is gapping down this morning and breaking below our previously noted ROUND-$120 support on increased volume. The combination of a gap lower, loss of support, and expanding selling volume represents multiple bearish technical violations. Calling a 2ND yet FINAL SELL SIGNAL here and to close out coverage on this selection. 
 
ULTRA Trader’s Tip: Multiple Violations Strengthen the Signal 
  • A gap lower immediately shows increased selling pressure. 
  • Breaking a previously identified support level adds another bearish technical violation. 
  • When weakness is accompanied by increased volume, the evidence becomes even stronger—respect the signal and move on. 
https://buyingbreakouts.com/wed-8-19-afl-calling-a-final-sell-signal-119-84-2-6/",2026-08-20T03:25:09Z,Neutre
AFL,"Wall St is expecting 1.80 EPS for $AFL Q3 [Reporting 11/04 AMC]
http://www.estimize.com/intro/afl?chart=historical&amp;metric_name=eps&amp;utm_cont",2026-08-19T12:15:23Z,Neutre
AFL,"$AFL | Aflac Inc | Financials 🦆 
 
Smart money is quietly pressing $AFL as price tightens right above primary volume profile support! 💥 Consistent buyer response off the $121.47 demand sweep confirms high-conviction institutional backing ⚡ 
 
Profitability &amp; Fundamentals: Leading insurance giant leveraging robust cash flows and $3.3B in unencumbered liquidity to drive share value. 
 
Technicals: 8h timeframe displays a bullish outside day base structure holding firm above primary moving average support 📊 Stochastic RSI is turning upward off oversold levels. Holding $121.40 maintains the reversal base. 
 
Bull Key Levels: $122.90 🐂 🔥 | Confirm: $124.70 🐂 📈 | Extension: $128.00 🐂 🚀 
 
Bear Key Levels: $121.40 🐻 ⚠️ | Confirm: $116.10 🐻 🚨 | Extension: $110.10 🐻 📉 
 
Stop Loss: $120.50 🛑 
 
Targets: $128.00 / $132.00 💰 🍺 
 
OVERALL: 🐂 BULLISH 🐂 
 
#AFL #optionsflow #stockmarket #technicalanalysis #swingtrading #hovdid",2026-08-15T23:22:58Z,Bullish
AFL,$MET $AFL,2026-08-14T01:11:57Z,Bullish
AFL,$AFL  catching my eye.  Note stochastic at low levels. Will it  bull cross? No one knows have to see it first.  (I have a trading pal who uses stochs. I put it on the chart for him)   A hold back over the 50ma and recent highs and it might be worth a shot.  Trade your plan/style/chart not my noise,2026-08-13T17:03:25Z,Bullish
AFL,"$AFL — TS Update #2 at 120.35 has now been triggered. 
 
The position is closed after the stock advanced to nearly $130. 
 
We gave the trend room while structure held. Once it reached our trailing stop, the decision had already been made. 
 
Trade complete. Structure first. Risk always. 
 
For educational purposes only.",2026-08-12T23:34:58Z,Neutre
AFL,"$AFL  
Jefferies raises target price to $112 from $108 
Mizuho raises target price to $116 from $112 
Piper Sandler raises target price to $138 from $130",2026-08-10T17:18:42Z,Neutre
AFL,$AFL buyable dip in a low volatility grind higher,2026-08-07T10:27:32Z,Bullish
AFL,"$AFL Q2 &#39;26 Earnings Results &amp; Recap

• Reported GAAP EPS of $1.64 up 46.43% YoY
• Reported revenue of $4.12B down -1.03% YoY",2026-08-06T20:25:00Z,Neutre
AFL,$AFL Buckle up — earnings after the close today.,2026-08-06T19:14:53Z,Neutre
AFL,$AFL ITS ABOUT TIME FOR A STOCK SPLIT.,2026-08-06T17:10:01Z,Neutre
AFL,"$AFL reports after the close, Estimize Consensus +0.04 EPS and +144.46M Revs compared to WS
http://www.estimize.com/afl/fq2-2026?utm_conten",2026-08-06T15:01:07Z,Neutre
AFL,"$AMBC 3 Companies to beat the markets? 
$AIG $AFL $OSG 
https://finance.yahoo.com/markets/stocks/articles/3-insurance-stocks-insure-q2-170100893.html 
 
During this evening&#39;s report, you will see that Everspan is growing; they have just hired three new directors. 
 
Furthermore, you will see that, alongside ALCORE and ARMADA, the other subsidiaries are now also beginning to grow beyond the break-even point. 
 
https://finance.yahoo.com/small-business/articles/everspan-group-expands-leadership-team-123000015.html",2026-08-06T06:14:58Z,Neutre
AFL,#AFL All out - no position - will get back in at lower key levels. Direction remains good. I just need to allocate the funds elsewhere in some fast moving names than this Turd !!   $AFL,2026-08-05T18:42:47Z,Neutre
AFL,"$GWW $APD $MPWR $AFL $RSG Grainger benefits from industrial distribution, Air Products leads industrial gases, Monolithic Power Systems rides AI chip demand, Aflac generates reliable insurance cash flow, and Republic Services benefits from waste management.",2026-08-05T05:27:23Z,Neutre
AFL,"$GWW $APD $MPWR $AFL $RSG Grainger benefits from industrial distribution, Air Products leads industrial gases, Monolithic Power Systems rides AI chip demand, Aflac generates reliable insurance cash flow, and Republic Services benefits from waste management.",2026-08-03T14:42:54Z,Neutre
AFL,"$AFL continues to follow through after the breakout. 
 
The position remains active, with the trailing stop now raised to 120.35 as price closed at 128.67. 
 
The goal isn’t to predict the top—it’s to protect part of the open gain while giving a strong trend enough room to continue. 
 
Structure first. Risk always. 
 
For educational purposes only.",2026-07-29T23:01:30Z,Neutre
AFL,$AFL Ew,2026-07-29T19:11:10Z,Bullish
AFL,$AFL printed a new 52-week high today,2026-07-29T18:01:37Z,Neutre
AFL,"$AFL follow-up: 
The yellow arrow marks when the Elite position was activated ahead of the breakout. On June 30, the trailing stop was raised to $116.90. 
 
Price has since cleared the $120.18 breakout trigger and continued building higher. Next reference: $128.64. 
 
Risk defined. Breakout confirmed. Now let the trend work.",2026-07-27T11:47:50Z,Neutre
AFL,$AFL  AFL,2026-07-26T21:38:07Z,Neutre
AFL,"While tech takes a breather and $QQQ stays choppy, sector rotation is where the real money is at.  
 
Called $AFL,$CVS, and $JPM early before the crowd caught on  $JPM still pushing higher today. Value &amp; financials are quietly carrying. 
 
What sector are you holding through this market shift? Drop your top pick below!",2026-07-24T15:40:52Z,Neutre
AFL,$AFL Interesting box here...buy and repeat until a breakout if you want to park money at the lower box and just keep it there until a rainy day.  Not bad.,2026-07-22T00:47:39Z,Neutre
AFL,$KIE josh brown ur late $CB $TRV $AFL,2026-07-21T16:47:21Z,Neutre
AFL,$AFL acting like a takeover target,2026-07-20T00:32:13Z,Neutre
AFL,"Dragonfly Capital - 5 Trade Ideas for Monday: Aflac, Five Below, Jazz Pharma, Murphy USA and Prudential $AFL $FIVE $JAZZ $MUSA $PRU https://dragonflycap.com/5-trade-ideas-for-monday-aflac-five-below-jazz-pharma-murphy-usa-and-prudential/",2026-07-19T15:41:54Z,Neutre
AFL,$AFL afl,2026-07-18T22:40:58Z,Neutre
AFL,$AFL  trimmed ...,2026-07-17T14:03:03Z,Neutre
A,$A printed a new 52-week high today,2026-08-21T18:31:21Z,Neutre
A,"$SPPI $SPY $AAPL $A 
$MSFT 480P 8/21 @0.14",2026-08-21T16:12:39Z,Neutre
A,"After Hours Losers 
 
1. $JZ -29.22% 
2. $FLUX.X -19.62% 
3. $YOUL -13.89% 
4. $OSIS -13.79% 
5. $A -13.32%",2026-08-20T21:59:13Z,Neutre
A,"$SYY $NTRA $A $ESLT $HMC Sysco leads food distribution, Natera dominates genetic testing, Agilent Technologies benefits from life science demand, Elbit Systems gains from defense spending, and Honda continues advancing hybrid and EV technologies.",2026-08-05T06:46:40Z,Neutre
A,"$WDAY $ED $IBKR $TEVA $A Workday leads enterprise software, Consolidated Edison provides stable utility income, Interactive Brokers benefits from trading activity, Teva continues restructuring, and Agilent Technologies leads life science instrumentation.",2026-08-03T14:45:39Z,Neutre
A,"Wall St is expecting 1.49 EPS for $A Q3 [Reporting 08/26 AMC]
http://www.estimize.com/intro/a?chart=historical&amp;metric_name=eps&amp;utm_content=",2026-08-03T14:12:31Z,Neutre
A,"$SLS Look at this SHORT IDIOT TOOL - Stuck its MEAT into the GRINDER... 
 
Dr. Tsirigotis KNOWS --- He absolutely Knows -- treats more REGAL P3 Patients than any other clinician and Stated on the Record - &quot;MOS for patients on BAT is extremely poor, just 5 -7 months&quot; and 
 
&quot; I STRONGLY Believe Gps will Reach the Primary Endpoint...&quot; 
 
So Many Idiot short tools / retail traders too, getting FLEECED... 
 
$ABBV $A",2026-07-28T16:23:20Z,Neutre
A,"$A Agilent Receives EU Approval for PD-L1 IHC 22C3 pharmDx in Epithelial Ovarian, Fallopian Tube, or Primary Peritoneal Carcinoma 
 
https://marketwirenews.com/stock/a/news/agilent-receives-eu-approval-for-pd-l1-ihc-22c3-phar-5150562317732921.html?utm_source=stocktwits",2026-07-23T14:00:43Z,Neutre
A,"$A Gilead to Present New HIV Research at AIDS 2026 Across Prevention, Treatment and Cure 
 
https://marketwirenews.com/stock/a/news/gilead-to-present-new-hiv-research-at-aids-2026-acro-5182713870505921.html?utm_source=stocktwits",2026-07-21T15:00:41Z,Neutre
A,"$A Lira Clinical Announces New REGEN Line - A First-of-Its-Kind Breakthrough in Regenerative Skincare  
 
https://marketwirenews.com/stock/a/news/lira-clinical-announces-new-regen-line-a-first-of-it-6694639445227332.html?utm_source=stocktwits",2026-07-14T22:00:37Z,Neutre
A,"$A Quebec&#39;s Real Estate Market Gradually Rebalances in the Second Quarter 
 
https://marketwirenews.com/stock/a/news/quebec-s-real-estate-market-gradually-rebalances-in--6866626285772635.html?utm_source=stocktwits",2026-07-14T19:00:35Z,Neutre
A,"$A Agilent Receives FDA Approval for PD-L1 IHC 28-8 pharmDx in Esophageal Squamous Cell Carcinoma (ESCC), Gastric, Gastroesophageal Junction (GEJ), and Esophageal Adenocarcinoma 
 
https://marketwirenews.com/stock/a/news/agilent-receives-fda-approval-for-pd-l1-ihc-28-8-pha-8339272714637069.html?utm_source=stocktwits",2026-07-14T18:30:36Z,Neutre
A,$A Jefferies has altered their rating of &quot;Hold&quot; and target of &quot;$135&quot; see consensus outlook,2026-07-10T14:22:28Z,Neutre
A,Reversal Bullish Today: $MMM $A $DOV $INTU,2026-07-07T05:51:35Z,Neutre
A,"$GDC As of today (July 2026), there are exactly two public companies with Bitcoin treasuries reported at precisely 7,500 BTC: ￼

•  American Bitcoin Corp  $A B TC — ~7,500 BTC (ranks around #16 on major trackers).

•  GD Culture Group ($GDC) — 7,500 BTC (ranks right behind or alongside ABTC).

Key Context from Trackers

Major sources like http://BitcoinTreasuries.net, CoinGecko, and others consistently list only these two at that exact round number. No other public companies (or prominent private/government entities) are currently reported with precisely 7,500 BTC. ￼

Look at the difference in Market Caps 👇 🤷🏻‍♂️",2026-07-05T14:20:22Z,Bullish
A,"$ADTX  $A/ S 10B  
 
https://www.sec.gov/Archives/edgar/data/1641398/000121390025089638/ea0258126-pre14c_gdculture.htm",2026-07-04T03:26:12Z,Neutre
A,"$A
Share Price: $133.35

Contract Selected: Nov 20, 2026 $135 Calls

Buy Zone: $10.58 – $13.07
Target Zone: $17.56 – $21.46
Potential Upside: 57% ROI

Time to Expiration: 140 Days | Updates via https://fxcapta.com/stockinfo/",2026-07-02T09:45:50Z,Neutre
A,$A Bernstein has altered their rating of &quot;Outperform&quot; and target of &quot;$155&quot; see consensus outlook,2026-06-30T02:28:38Z,Neutre
A,"$SKM 🇰🇷 SK Telecom owns ~0.3% of Anthropic, bought early. L
Here&#39;s what that 0.3% slice would be worth at different Anthropic valuations, and how big it looms next to SKT&#39;s own ~$14B market cap:
$1.0T → $3.0B (~21% of SKT)
$1.5T → $4.5B (~32%)
$2.0T → $6.0B (~43%)
$2.5T → $7.5B (~54%)
So at a $2.5T Anthropic, the stake alone ≈ half of SKT&#39;s entire value. A pre-IPO backdoor into Anthropic.

$A  £maaft7h;",2026-06-28T13:13:14Z,Neutre
A,"$A in the strong medtech space.  Note the OBV indicator, how strong it is here with price still pretty muted.  (just added this to the mix).",2026-06-25T19:48:42Z,Neutre
A,"$A vivk stock 40 cents share. About to pop 
News today 420 million renvue contact for oil. 
Current mirco cap 1.6 million. 
Almost 400% mirco cap.   
How many stocks have a deal 400 times micro cap? Just in one yearly deal? Cheap shares won&#39;t last long. Think about it 400 times micro cap in renvue",2026-06-25T16:39:51Z,Neutre
A,"6x potential 🔥🚨

$A 140 CALL 7/17 avg 1.50🚨",2026-06-24T14:34:31Z,Neutre
A,"$A
Share Price: $126.70

Contract Selected: Nov 20, 2026 $125 Calls

Buy Zone: $10.12 – $12.50
Target Zone: $19.18 – $23.44
Potential Upside: 79% ROI

Time to Expiration: 149 Days | Updates via https://fxcapta.com/stockinfo/",2026-06-24T00:25:51Z,Neutre
A,"$A
Current Stock Price: $126.70
Contracts to trade: $125.0 A Jul 17 2026 Call
Entry: $4.60
Exit: $7.12
ROI: 55%
Hold ~24 days

Shared as daily free alerts and for educational purposes only. https://dailypickai.com/freealerts",2026-06-23T23:05:20Z,Neutre
A,$A Bullish Harami Candlestick Pattern Formed at Downtrend,2026-06-20T09:45:21Z,Bullish
A,"$AUR Premium Heatmap &amp; Key Strikes 
 
Last: $A  
Key Levels to Watch: 
  Resistance: $6.29 ($35.3M) | $6.39 ($37.6M) 
  Support: $6.25 ($53.3M) | $6.21 ($29.3M) | $6.14 ($62.6M) 
 
Stay informed with our daily market updates - follow for the latest insights 
#AUR #Options #Trading #GEX #GammaExposure",2026-06-19T15:32:47Z,Neutre
A,$SPY $A friend of mine said $META $605 close,2026-06-17T18:45:16Z,Neutre
A,"$AMD $AMDL  $AMD 
$A 

I JUST LOADED UP

LOOK OUT",2026-06-11T17:28:54Z,Bullish
A,"$A Great piece that accurately captures A&#39;s current position. So if you want to refresh your understanding of A or learn about A for the first time, this is essential reading. https://everyticker.com/quote/A/analysis/ignite-driven-margin-expansion-meets-installed-base-moats-at-agilent-technologies-nyse-a",2026-06-09T17:16:28Z,Neutre
A,$A holding tough,2026-06-05T17:38:25Z,Neutre
